{"isStage":false,"name":"Sprite1","variables":{},"lists":{},"broadcasts":{},"blocks":{"h3fDNjvJl)Aj0-p[i6:*":{"opcode":"event_whenflagclicked","next":"/Je,h`3Ee*kmNbBRK;0L","parent":null,"inputs":{},"fields":{},"shadow":false,"topLevel":true,"x":181,"y":149},"/Je,h`3Ee*kmNbBRK;0L":{"opcode":"looks_say","next":null,"parent":"h3fDNjvJl)Aj0-p[i6:*","inputs":{"MESSAGE":[1,[10,"Hello!"]]},"fields":{},"shadow":false,"topLevel":false}},"comments":{},"currentCostume":0,"costumes":[{"name":"costume1","bitmapResolution":1,"dataFormat":"svg","assetId":"bcf454acf82e4504149f7ffe07081dbc","md5ext":"bcf454acf82e4504149f7ffe07081dbc.svg","rotationCenterX":48,"rotationCenterY":50},{"name":"costume2","bitmapResolution":1,"dataFormat":"svg","assetId":"0fb9be3e8397c983338cb71dc84d0b25","md5ext":"0fb9be3e8397c983338cb71dc84d0b25.svg","rotationCenterX":46,"rotationCenterY":53}],"sounds":[{"name":"Meow","assetId":"83c36d806dc92327b9e7049a565c6bff","dataFormat":"wav","format":["rate",48000],"sampleCount":40682,"md5ext":"83c36d806dc92327b9e7049a565c6bff.wav"}],"volume":100,"visible":true,"x":0,"y":0,"size":100,"direction":90,"draggable":false,"rotationStyle":"all around"}